date,symbol,open,high,low,close,volume
2021-10-25,US3453708600,16.4,16.5,15.81,16.0,67808039
2021-10-22,US3453708600,16.42,16.54,16.23,16.28,60646754
2021-10-21,US3453708600,16.16,16.7,16.13,16.55,95854951
2021-10-20,US3453708600,15.43,16.16,15.37,16.04,105213717
2021-10-19,US3453708600,15.6,15.69,15.37,15.42,44668310
2021-10-18,US3453708600,15.57,15.65,15.485,15.56,48643809
2021-10-15,US3453708600,15.54,16.03,15.535,15.7,77211817
2021-10-14,US3453708600,15.62,15.62,15.37,15.45,50875110
2021-10-13,US3453708600,15.59,15.69,15.27,15.51,63363486
2021-10-12,US3453708600,15.11,15.68,15.01,15.64,89134009
2021-10-11,US3453708600,15.2,15.36,14.97,15.09,45302310
2021-10-08,US3453708600,14.92,15.49,14.85,15.12,99468887
2021-10-07,US3453708600,14.34,14.95,14.305,14.89,96557549
2021-10-06,US3453708600,14.14,14.34,13.89,14.12,61020278
2021-10-05,US3453708600,14.44,14.44,14.11,14.29,55915797
2021-10-04,US3453708600,14.27,14.79,14.22,14.35,78332497
2021-10-01,US3453708600,14.26,14.37,14.01,14.16,51880916
2021-09-30,US3453708600,14.26,14.32,14.09,14.16,78820537
2021-09-29,US3453708600,14.46,14.5,14.17,14.3,56805504
2021-09-28,US3453708600,14.63,14.73,14.23,14.31,107090949
2021-09-27,US3453708600,13.89,14.29,13.88,14.16,68769650
2021-09-24,US3453708600,13.66,13.94,13.64,13.78,57440218
2021-09-23,US3453708600,13.35,13.74,13.32,13.71,68708095
2021-09-22,US3453708600,12.92,13.39,12.905,13.23,75784038
2021-09-21,US3453708600,12.885,12.97,12.66,12.77,60473075
2021-09-20,US3453708600,13.07,13.19,12.63,12.82,126152174
2021-09-17,US3453708600,13.41,13.7,13.39,13.55,76337380
2021-09-16,US3453708600,13.18,13.53,13.1,13.4,76426063
2021-09-15,US3453708600,12.89,13.25,12.81,13.22,60282087
2021-09-14,US3453708600,12.93,13.06,12.79,12.86,47640810
2021-09-13,US3453708600,12.76,12.99,12.62,12.99,62270767
2021-09-10,US3453708600,12.84,12.93,12.66,12.68,48792472
2021-09-09,US3453708600,12.95,12.95,12.72,12.76,68806407
2021-09-08,US3453708600,12.97,13.22,12.91,13.03,57980882
2021-09-07,US3453708600,12.83,13.04,12.81,12.95,64008878
2021-09-03,US3453708600,12.99,13.05,12.87,12.89,41746597
2021-09-02,US3453708600,13.09,13.21,12.97,13.01,49322939
2021-09-01,US3453708600,13.03,13.22,12.9,13.11,58875686
2021-08-31,US3453708600,13.02,13.135,12.93,13.03,42212703
2021-08-30,US3453708600,13.35,13.37,13.03,13.05,42720093
2021-08-27,US3453708600,12.89,13.37,12.87,13.31,57587271
2021-08-26,US3453708600,13.11,13.13,12.81,12.9,57559820
2021-08-25,US3453708600,13.12,13.28,13.02,13.17,51195455
2021-08-24,US3453708600,12.81,13.14,12.76,13.08,53672503
2021-08-23,US3453708600,12.71,12.85,12.47,12.73,64573553
2021-08-20,US3453708600,12.61,12.67,12.38,12.57,53615575
2021-08-19,US3453708600,12.8,12.92,12.57,12.67,69038770
2021-08-18,US3453708600,12.95,13.21,12.9,13.0,50966744
2021-08-17,US3453708600,13.32,13.33,12.81,12.99,74625322
2021-08-16,US3453708600,13.5,13.56,13.32,13.46,38757778
2021-08-13,US3453708600,13.88,13.95,13.54,13.59,45118472
2021-08-12,US3453708600,13.92,14.05,13.79,13.9,38608652
2021-08-11,US3453708600,13.86,13.95,13.67,13.93,42795585
2021-08-10,US3453708600,13.77,13.91,13.66,13.82,32120825
2021-08-09,US3453708600,13.72,13.82,13.55,13.75,38760378
2021-08-06,US3453708600,13.82,13.91,13.73,13.8,44450636
2021-08-05,US3453708600,13.54,13.82,13.45,13.71,60524396
2021-08-04,US3453708600,13.85,13.93,13.3,13.32,81502700
2021-08-03,US3453708600,13.9699,14.08,13.64,14.02,53257695
2021-08-02,US3453708600,14.02,14.33,13.88,13.91,64673717
2021-07-30,US3453708600,14.23,14.3,13.87,13.95,74955713
2021-07-29,US3453708600,14.51,14.79,14.3,14.39,111154778
2021-07-28,US3453708600,13.86,13.99,13.565,13.86,70653462
2021-07-27,US3453708600,13.93,13.955,13.65,13.79,41963237
2021-07-26,US3453708600,13.9,14.0815,13.87,14.03,43838035
2021-07-23,US3453708600,13.97,14.04,13.73,13.82,37927867
2021-07-22,US3453708600,14.08,14.14,13.78,13.91,40440124
2021-07-21,US3453708600,14.05,14.34,14.03,14.19,53817490
2021-07-20,US3453708600,13.37,13.96,13.28,13.91,70731783
2021-07-19,US3453708600,13.25,13.32,12.7901,13.28,99949231
2021-07-16,US3453708600,14.12,14.14,13.58,13.61,48065197
2021-07-15,US3453708600,14.15,14.3,13.94,14.01,44952312
2021-07-14,US3453708600,14.43,14.63,14.2,14.25,39056159
2021-07-13,US3453708600,14.5,14.625,14.295,14.42,45360600
2021-07-12,US3453708600,14.36,14.74,14.24,14.61,49205150
2021-07-09,US3453708600,14.445,14.575,14.27,14.48,65981221
2021-07-08,US3453708600,13.9597,14.23,13.735,14.06,62706837
2021-07-07,US3453708600,14.41,14.46,14.02,14.23,72992469
2021-07-06,US3453708600,14.87,14.88,14.39,14.5,73990625
2021-07-02,US3453708600,14.96,15.04,14.83,14.93,43824909
2021-07-01,US3453708600,14.91,14.97,14.84,14.91,51112228
2021-06-30,US3453708600,14.95,15.11,14.81,14.86,72213527
2021-06-29,US3453708600,15.05,15.2,14.875,15.01,68208165
2021-06-28,US3453708600,15.2,15.21,14.83,14.96,79477432
2021-06-25,US3453708600,15.24,15.52,15.18,15.19,111760462
2021-06-24,US3453708600,15.54,15.55,15.15,15.26,79859804
2021-06-23,US3453708600,15.14,15.53,15.03,15.42,94985665
2021-06-22,US3453708600,15.02,15.11,14.815,14.91,65545914
2021-06-21,US3453708600,14.63,14.9,14.55,14.78,63384994
2021-06-18,US3453708600,14.54,14.765,14.44,14.52,76319715
2021-06-17,US3453708600,15.3,15.4,14.58,14.77,126653125
2021-06-16,US3453708600,15.1,15.29,14.88,15.02,69112883
2021-06-15,US3453708600,14.91,15.16,14.76,15.0,62612748
2021-06-14,US3453708600,15.23,15.3,14.815,14.87,82666035
2021-06-11,US3453708600,15.3,15.43,15.17,15.28,50613467
2021-06-10,US3453708600,15.59,15.78,15.08,15.11,78147471
2021-06-09,US3453708600,15.6,15.62,15.39,15.48,60079052
2021-06-08,US3453708600,15.76,15.8,15.33,15.63,93891092
2021-06-07,US3453708600,16.01,16.2,15.65,15.88,90915337
2021-06-04,US3453708600,16.33,16.455,15.795,15.97,151787957
2021-06-03,US3453708600,15.15,16.06,14.985,15.99,179671434
2021-06-02,US3453708600,14.9,15.02,14.68,14.91,77517193
2021-06-01,US3453708600,14.72,14.835,14.46,14.81,89070986
2021-05-28,US3453708600,15.01,15.05,14.41,14.53,152105344
2021-05-27,US3453708600,14.38,15.05,14.12,14.88,278939123
2021-05-26,US3453708600,13.16,13.95,13.1,13.9,227538655
2021-05-25,US3453708600,13.13,13.43,12.8,12.81,113383362
2021-05-24,US3453708600,13.38,13.38,12.92,13.06,111374304
2021-05-21,US3453708600,12.7,13.47,12.57,13.33,200958563
2021-05-20,US3453708600,12.52,12.69,12.3,12.49,106243905
2021-05-19,US3453708600,12.03,12.21,11.85,12.11,70220759
2021-05-18,US3453708600,12.29,12.53,12.13,12.14,72472888
2021-05-17,US3453708600,11.82,12.18,11.79,12.15,52201744
2021-05-14,US3453708600,11.65,11.87,11.62,11.84,48619221
2021-05-13,US3453708600,11.36,11.68,11.35,11.55,56598472
2021-05-12,US3453708600,11.54,11.68,11.28,11.33,55663086
2021-05-11,US3453708600,11.45,11.76,11.42,11.58,56882624
2021-05-10,US3453708600,11.78,11.93,11.7,11.71,51703508
2021-05-07,US3453708600,11.65,11.83,11.52,11.82,41525840
2021-05-06,US3453708600,11.55,11.76,11.48,11.74,50032823
2021-05-05,US3453708600,11.5,11.64,11.5,11.61,41381316
2021-05-04,US3453708600,11.53,11.55,11.23,11.41,71007685
2021-05-03,US3453708600,11.56,11.68,11.43,11.63,61987297
2021-04-30,US3453708600,11.36,11.54,11.33,11.54,90786462
2021-04-29,US3453708600,11.91,11.91,11.14,11.26,230430629
2021-04-28,US3453708600,12.6,12.6,12.385,12.43,68023415
2021-04-27,US3453708600,12.29,12.5,12.27,12.49,42037752
2021-04-26,US3453708600,12.28,12.4414,12.23,12.27,40863760
2021-04-23,US3453708600,11.97,12.24,11.87,12.22,51898945
2021-04-22,US3453708600,12.06,12.15,11.83,11.94,73064376
2021-04-21,US3453708600,11.36,11.74,11.18,11.73,49641132
2021-04-20,US3453708600,12.06,12.06,11.35,11.45,83170803
2021-04-19,US3453708600,12.22,12.25,12.02,12.11,39063481
2021-04-16,US3453708600,12.32,12.36,12.19,12.23,33132872
2021-04-15,US3453708600,12.3,12.32,12.125,12.24,38209311
2021-04-14,US3453708600,12.2,12.49,12.2,12.24,49877492
2021-04-13,US3453708600,12.39,12.445,12.1,12.2,51555966
2021-04-12,US3453708600,12.5,12.55,12.32,12.38,40422762
2021-04-09,US3453708600,12.49,12.62,12.39,12.51,40555411
2021-04-08,US3453708600,12.67,12.76,12.43,12.51,52621966
2021-04-07,US3453708600,12.87,12.93,12.66,12.73,42264039
2021-04-06,US3453708600,12.7,12.99,12.64,12.92,67499426
2021-04-05,US3453708600,12.39,12.78,12.33,12.7,82332728
2021-04-01,US3453708600,12.28,12.29,12.02,12.17,61907459
2021-03-31,US3453708600,12.46,12.54,12.21,12.25,60456889
2021-03-30,US3453708600,12.16,12.48,12.11,12.46,49762308
2021-03-29,US3453708600,12.2,12.36,12.065,12.15,44747925
2021-03-26,US3453708600,12.43,12.49,12.06,12.3,49239811
2021-03-25,US3453708600,11.94,12.35,11.72,12.32,54201830
2021-03-24,US3453708600,12.36,12.53,12.12,12.14,54534406
2021-03-23,US3453708600,12.57,12.68,12.12,12.21,73020161
2021-03-22,US3453708600,12.85,12.93,12.51,12.85,81362146
2021-03-19,US3453708600,12.85,12.95,12.55,12.83,90885155
2021-03-18,US3453708600,12.7,13.01,12.44,12.49,76733254
2021-03-17,US3453708600,12.34,12.7,12.22,12.69,109324385
2021-03-16,US3453708600,13.06,13.15,12.43,12.49,125425273
2021-03-15,US3453708600,13.39,13.62,13.0501,13.2,65229000
2021-03-12,US3453708600,12.78,13.43,12.77,13.37,87160077
2021-03-11,US3453708600,12.94,13.0594,12.75,12.81,56536460
2021-03-10,US3453708600,12.72,12.98,12.62,12.91,62111181
2021-03-09,US3453708600,12.76,12.76,12.375,12.57,61568655
2021-03-08,US3453708600,12.39,12.88,12.3,12.65,86129736
2021-03-05,US3453708600,12.06,12.29,11.67,12.27,79345704
2021-03-04,US3453708600,12.235,12.46,11.63,11.93,88339642
2021-03-03,US3453708600,12.61,12.61,12.14,12.17,80169701
2021-03-02,US3453708600,12.04,12.8,11.94,12.55,104788959
2021-03-01,US3453708600,11.87,12.08,11.78,11.98,43172813
2021-02-26,US3453708600,11.89,11.98,11.54,11.7,69614525
2021-02-25,US3453708600,12.22,12.4,11.72,11.76,75249410
2021-02-24,US3453708600,11.67,12.4,11.64,12.27,95152783
2021-02-23,US3453708600,11.59,11.65,11.13,11.62,72904530
2021-02-22,US3453708600,11.52,11.94,11.5,11.7,62183011
2021-02-19,US3453708600,11.52,11.59,11.46,11.58,48615552
2021-02-18,US3453708600,11.37,11.48,11.3,11.43,37777050
2021-02-17,US3453708600,11.61,11.61,11.37,11.48,49680999
2021-02-16,US3453708600,11.5,11.7,11.38,11.54,48392080
2021-02-12,US3453708600,11.42,11.62,11.37,11.45,44401187
2021-02-11,US3453708600,11.66,11.74,11.31,11.45,55762914
2021-02-10,US3453708600,12.0,12.02,11.53,11.76,76282462
2021-02-09,US3453708600,11.54,12.04,11.49,11.93,102250761
2021-02-08,US3453708600,11.52,11.58,11.31,11.56,75756688
2021-02-05,US3453708600,11.8,11.9,11.3,11.51,113402102
2021-02-04,US3453708600,11.4,11.6192,11.17,11.37,106845045
2021-02-03,US3453708600,10.92,11.36,10.84,11.2,82968550
2021-02-02,US3453708600,11.14,11.2,10.71,10.86,80440704
2021-02-01,US3453708600,10.65,11.44,10.36,10.83,157114400
2021-01-29,US3453708600,10.59,10.835,10.45,10.53,73925821
2021-01-28,US3453708600,10.84,11.05,10.71,10.72,77388655
2021-01-27,US3453708600,11.02,11.17,10.7,10.79,82863034
2021-01-26,US3453708600,11.31,11.53,11.12,11.19,66267456
2021-01-25,US3453708600,11.49,11.52,10.88,11.29,118954503
2021-01-22,US3453708600,11.66,11.69,11.34,11.52,130866617
2021-01-21,US3453708600,11.28,12.15,11.12,11.53,282761553
2021-01-20,US3453708600,10.23,10.87,10.19,10.86,125033167
2021-01-19,US3453708600,10.06,10.21,9.97,10.02,78732758
2021-01-15,US3453708600,10.04,10.05,9.82,9.83,99984954
2021-01-14,US3453708600,9.81,10.2,9.79,10.17,112695252
2021-01-13,US3453708600,9.91,9.92,9.64,9.78,89549250
2021-01-12,US3453708600,9.3,9.82,9.2903,9.78,124808542
2021-01-11,US3453708600,8.87,9.32,8.82,9.3,96129537
2021-01-08,US3453708600,9.1,9.14,8.89,9.0,59162167
2021-01-07,US3453708600,8.94,9.08,8.88,9.06,77117101
2021-01-06,US3453708600,8.79,8.94,8.68,8.84,72590208
2021-01-05,US3453708600,8.47,8.72,8.46,8.65,70127787
2021-01-04,US3453708600,8.81,8.84,8.43,8.52,85043079
2020-12-31,US3453708600,8.84,8.86,8.78,8.79,40176529
2020-12-30,US3453708600,8.83,8.92,8.81,8.86,38461904
2020-12-29,US3453708600,8.93,8.93,8.78,8.82,37537854
2020-12-28,US3453708600,8.92,8.98,8.8607,8.89,38068418
2020-12-24,US3453708600,9.01,9.02,8.8,8.86,27926995
2020-12-23,US3453708600,8.82,9.03,8.8,8.99,54086667
2020-12-22,US3453708600,8.98,8.99,8.75,8.79,59157726
2020-12-21,US3453708600,8.87,9.01,8.79,8.93,63908127
2020-12-18,US3453708600,9.09,9.09,8.91,8.95,78764619
2020-12-17,US3453708600,9.09,9.13,9.0,9.08,49301597
2020-12-16,US3453708600,9.17,9.18,8.97,9.04,55274531
2020-12-15,US3453708600,9.03,9.15,8.94,9.15,69665880
2020-12-14,US3453708600,9.13,9.1752,8.88,8.91,76826024
2020-12-11,US3453708600,9.19,9.19,9.01,9.02,73438229
2020-12-10,US3453708600,9.31,9.32,9.1,9.12,83372755
2020-12-09,US3453708600,9.31,9.49,9.29,9.45,60780320
2020-12-08,US3453708600,9.19,9.33,9.17,9.25,56296667
2020-12-07,US3453708600,9.31,9.33,9.15,9.22,58305187
2020-12-04,US3453708600,9.26,9.44,9.24,9.34,48775547
2020-12-03,US3453708600,9.26,9.32,9.15,9.21,50302055
2020-12-02,US3453708600,9.16,9.24,9.08,9.2,48344954
2020-12-01,US3453708600,9.16,9.4,9.16,9.24,68970330
2020-11-30,US3453708600,9.23,9.23,8.98,9.08,77970082
2020-11-27,US3453708600,9.12,9.14,9.03,9.09,27853853
2020-11-25,US3453708600,9.2,9.25,9.0,9.08,95217812
2020-11-24,US3453708600,9.15,9.5,9.14,9.45,99520477
2020-11-23,US3453708600,8.82,8.98,8.78,8.86,71537109
2020-11-20,US3453708600,8.81,8.82,8.68,8.74,57024269
2020-11-19,US3453708600,8.88,8.88,8.74,8.82,56672693
2020-11-18,US3453708600,8.82,9.05,8.78,8.82,77759269
2020-11-17,US3453708600,8.66,8.85,8.63,8.75,46754509
2020-11-16,US3453708600,8.74,8.85,8.61,8.8,84853863
2020-11-13,US3453708600,8.23,8.57,8.23,8.54,79534153
2020-11-12,US3453708600,8.26,8.29,8.1,8.21,82319824
2020-11-11,US3453708600,8.6,8.6,8.29,8.33,75644426
2020-11-10,US3453708600,8.23,8.59,8.18,8.38,87468359
2020-11-09,US3453708600,8.11,8.38,8.08,8.2,110511311
2020-11-06,US3453708600,8.01,8.02,7.75,7.79,50912118
2020-11-05,US3453708600,7.76,7.99,7.71,7.99,61442609
2020-11-04,US3453708600,7.86,7.87,7.63,7.64,67326839
2020-11-03,US3453708600,7.76,7.93,7.73,7.88,65108842
2020-11-02,US3453708600,7.83,7.86,7.68,7.71,59962912
2020-10-30,US3453708600,7.85,7.91,7.61,7.73,79392475
2020-10-29,US3453708600,8.17,8.24,7.85,7.9,118999898
2020-10-28,US3453708600,7.68,7.88,7.63,7.7,82938283
2020-10-27,US3453708600,8.01,8.09,7.9,7.92,64154483
2020-10-26,US3453708600,8.035,8.07,7.94,8.03,62130950
2020-10-23,US3453708600,8.3,8.35,8.09,8.16,62248980
2020-10-22,US3453708600,7.93,8.22,7.89,8.21,74008467
2020-10-21,US3453708600,7.77,7.88,7.73,7.85,51981072
2020-10-20,US3453708600,7.62,7.85,7.58,7.74,63447005
2020-10-19,US3453708600,7.68,7.72,7.57,7.59,38960741
2020-10-16,US3453708600,7.71,7.75,7.61,7.67,47509411
2020-10-15,US3453708600,7.42,7.62,7.37,7.62,49336159
2020-10-14,US3453708600,7.73,7.75,7.55,7.57,57808898
2020-10-13,US3453708600,7.82,7.88,7.63,7.76,74562568
2020-10-12,US3453708600,7.36,7.865,7.33,7.67,97692932
2020-10-09,US3453708600,7.36,7.44,7.23,7.25,50977882
2020-10-08,US3453708600,7.29,7.35,7.2,7.35,54513310
2020-10-07,US3453708600,7.11,7.25,7.06,7.23,50664144
2020-10-06,US3453708600,7.06,7.25,6.96,6.98,78203805
2020-10-05,US3453708600,6.95,7.05,6.945,7.02,42359406
2020-10-02,US3453708600,6.62,6.93,6.6,6.89,60798406
2020-10-01,US3453708600,6.71,6.77,6.63,6.75,58340607
2020-09-30,US3453708600,6.61,6.75,6.59,6.66,55944608
2020-09-29,US3453708600,6.69,6.695,6.54,6.6,39014263
2020-09-28,US3453708600,6.59,6.77,6.58,6.69,47582634
2020-09-25,US3453708600,6.61,6.7064,6.5,6.51,53761843
2020-09-24,US3453708600,6.6,6.76,6.41,6.66,59822911
2020-09-23,US3453708600,6.81,6.93,6.63,6.64,52588559
2020-09-22,US3453708600,6.89,6.99,6.77,6.78,55865537
2020-09-21,US3453708600,7.09,7.09,6.81,6.87,72850263
2020-09-18,US3453708600,7.31,7.4,7.22,7.23,71929396
2020-09-17,US3453708600,7.04,7.34,6.98,7.28,84850147
2020-09-16,US3453708600,7.05,7.12,6.99,7.02,46269822
2020-09-15,US3453708600,7.16,7.18,7.0,7.04,65198498
2020-09-14,US3453708600,7.01,7.18,6.98,7.12,58704316
2020-09-11,US3453708600,6.94,7.0,6.85,7.0,55080562
2020-09-10,US3453708600,6.99,7.035,6.87,6.91,69228601
2020-09-09,US3453708600,7.07,7.1,6.93,6.97,56501430
2020-09-08,US3453708600,6.83,7.17,6.81,7.03,84749275
2020-09-04,US3453708600,6.86,6.95,6.75,6.9,70017540
2020-09-03,US3453708600,6.92,7.09,6.76,6.82,78130883
2020-09-02,US3453708600,6.81,6.97,6.77,6.95,59008942
2020-09-01,US3453708600,6.77,6.87,6.72,6.83,48214176
2020-08-31,US3453708600,6.9,6.93,6.79,6.82,50089521
2020-08-28,US3453708600,6.93,6.95,6.86,6.94,39936920
2020-08-27,US3453708600,6.83,6.98,6.83,6.91,45740870
2020-08-26,US3453708600,6.94,6.97,6.77,6.82,48600095
2020-08-25,US3453708600,7.01,7.1,6.86,6.94,49549976
2020-08-24,US3453708600,6.73,7.0,6.69,6.98,64974707
2020-08-21,US3453708600,6.78,6.85,6.65,6.66,39158895
2020-08-20,US3453708600,6.77,6.89,6.73,6.84,41824523
2020-08-19,US3453708600,6.89,7.02,6.86,6.87,44158123
2020-08-18,US3453708600,6.98,7.01,6.885,6.89,40444196
2020-08-17,US3453708600,7.05,7.06,6.87,6.98,64555154
2020-08-14,US3453708600,6.97,7.11,6.93,7.04,43517662
2020-08-13,US3453708600,7.03,7.18,7.0,7.03,50066758
2020-08-12,US3453708600,7.33,7.37,7.06,7.11,59194125
2020-08-11,US3453708600,7.21,7.375,7.19,7.23,74016358
2020-08-10,US3453708600,6.91,7.13,6.905,7.09,57229040
2020-08-07,US3453708600,6.87,6.92,6.79,6.86,47480059
2020-08-06,US3453708600,6.93,7.0,6.89,6.93,48668518
2020-08-05,US3453708600,6.86,7.0291,6.86,6.96,82716372
2020-08-04,US3453708600,6.91,6.91,6.73,6.86,69377566
2020-08-03,US3453708600,6.65,6.72,6.53,6.69,53845888
2020-07-31,US3453708600,6.89,6.9,6.52,6.61,115394121
2020-07-30,US3453708600,6.74,6.83,6.67,6.74,58990992
2020-07-29,US3453708600,7.05,7.06,6.83,6.92,59437160
2020-07-28,US3453708600,6.9,7.05,6.9,7.01,56312514
2020-07-27,US3453708600,6.92,6.94,6.77,6.93,60370153
2020-07-24,US3453708600,6.9,7.01,6.86,6.88,62292045
2020-07-23,US3453708600,6.87,7.06,6.8,6.98,88652587
2020-07-22,US3453708600,6.64,6.88,6.61,6.84,75629569
2020-07-21,US3453708600,6.71,6.81,6.64,6.68,63343850
2020-07-20,US3453708600,6.8,6.85,6.58,6.66,71361660
2020-07-17,US3453708600,6.9,6.91,6.73,6.8,80836727
2020-07-16,US3453708600,6.66,6.9,6.63,6.86,93498514
2020-07-15,US3453708600,6.54,6.78,6.52,6.74,101648718
2020-07-14,US3453708600,6.18,6.39,6.08,6.36,106131848
2020-07-13,US3453708600,6.15,6.22,6.05,6.06,80190674
2020-07-10,US3453708600,5.8,6.1,5.74,6.1,73710729
2020-07-09,US3453708600,6.09,6.1,5.82,5.84,82693009
2020-07-08,US3453708600,6.13,6.18,6.05,6.09,60928647
2020-07-07,US3453708600,6.14,6.2,6.09,6.12,56651981
2020-07-06,US3453708600,6.14,6.2,6.11,6.19,63921782
2020-07-02,US3453708600,6.1,6.17,6.0,6.05,67270506
2020-07-01,US3453708600,6.1,6.18,5.95,5.98,62454691
2020-06-30,US3453708600,5.98,6.1,5.9,6.08,61909299
2020-06-29,US3453708600,5.91,6.07,5.81,6.01,58208433
2020-06-26,US3453708600,6.04,6.07,5.81,5.91,118435386
2020-06-25,US3453708600,5.86,6.05,5.8,6.03,73612736
2020-06-24,US3453708600,6.06,6.1225,5.86,5.95,75536274
2020-06-23,US3453708600,6.33,6.38,6.14,6.15,86672823
2020-06-22,US3453708600,6.27,6.28,6.13,6.28,71724254
2020-06-19,US3453708600,6.64,6.69,6.23,6.23,126127803
2020-06-18,US3453708600,6.26,6.45,6.19,6.33,61301776
2020-06-17,US3453708600,6.56,6.56,6.31,6.33,67831355
2020-06-16,US3453708600,6.87,6.87,6.44,6.55,109535182
2020-06-15,US3453708600,6.18,6.58,6.11,6.5,104742595
2020-06-12,US3453708600,6.56,6.63,6.3,6.46,88778026
2020-06-11,US3453708600,6.07,6.46,6.04,6.13,116184727
2020-06-10,US3453708600,7.33,7.34,6.77,6.81,147327062
2020-06-09,US3453708600,7.22,7.44,7.05,7.24,115749606
2020-06-08,US3453708600,7.53,7.74,7.37,7.53,113169300
2020-06-05,US3453708600,7.24,7.5,7.02,7.34,208648166
2020-06-04,US3453708600,6.2,6.58,6.12,6.57,115798591
2020-06-03,US3453708600,5.99,6.27,5.92,6.19,98876582
2020-06-02,US3453708600,5.96,6.0,5.83,5.9,80046000
2020-06-01,US3453708600,5.73,5.88,5.67,5.87,61938822
2020-05-29,US3453708600,5.75,5.8,5.57,5.71,93039226
2020-05-28,US3453708600,6.05,6.07,5.81,5.85,77126187
2020-05-27,US3453708600,6.01,6.09,5.84,6.03,110413883
2020-05-26,US3453708600,5.92,5.99,5.82,5.84,86046301
2020-05-22,US3453708600,5.68,5.73,5.5,5.65,76656465
2020-05-21,US3453708600,5.45,5.69,5.44,5.63,87098219
2020-05-20,US3453708600,5.38,5.54,5.37,5.49,87685371
2020-05-19,US3453708600,5.27,5.45,5.15,5.3,94836282
2020-05-18,US3453708600,5.12,5.33,5.12,5.31,136241424
2020-05-15,US3453708600,4.8,4.94,4.75,4.9,80544650
2020-05-14,US3453708600,4.645,4.92,4.52,4.89,108061111
2020-05-13,US3453708600,5.0,5.01,4.66,4.72,100192290
2020-05-12,US3453708600,5.15,5.22,4.97,4.98,70965193
2020-05-11,US3453708600,5.18,5.19,5.05,5.12,75734000
2020-05-08,US3453708600,4.96,5.25,4.95,5.24,101333782
2020-05-07,US3453708600,4.9,4.98,4.85,4.87,67222935
2020-05-06,US3453708600,5.05,5.09,4.82,4.87,89390419
2020-05-05,US3453708600,4.99,5.09,4.94,4.97,96301286
2020-05-04,US3453708600,4.88,4.97,4.77,4.86,84214747
2020-05-01,US3453708600,5.02,5.05,4.9,4.92,82660057
2020-04-30,US3453708600,5.16,5.24,5.06,5.09,93437941
2020-04-29,US3453708600,5.33,5.5,5.2104,5.26,126393015
2020-04-28,US3453708600,5.49,5.54,5.215,5.38,106222815
2020-04-27,US3453708600,4.91,5.19,4.88,5.17,91082846
2020-04-24,US3453708600,4.93,4.96,4.8,4.87,54352479
2020-04-23,US3453708600,4.8,4.98,4.77,4.89,61959760
2020-04-22,US3453708600,4.87,4.89,4.75,4.77,62398608
2020-04-21,US3453708600,4.89,4.92,4.72,4.77,82400209
2020-04-20,US3453708600,5.01,5.09,4.91,4.98,71079442
2020-04-17,US3453708600,5.17,5.28,5.03,5.12,91989318
2020-04-16,US3453708600,5.06,5.0697,4.89,4.94,58951213
2020-04-15,US3453708600,5.06,5.14,4.95,5.03,74727746
2020-04-14,US3453708600,5.27,5.44,5.16,5.29,74877032
2020-04-13,US3453708600,5.43,5.43,5.02,5.16,99320002
2020-04-09,US3453708600,5.51,5.75,5.24,5.37,175833664
2020-04-08,US3453708600,4.86,5.09,4.8,5.03,117022189
2020-04-07,US3453708600,4.85,5.03,4.63,4.71,115150448
2020-04-06,US3453708600,4.54,4.67,4.41,4.53,102205319
2020-04-03,US3453708600,4.4,4.42,4.17,4.24,85659866
2020-04-02,US3453708600,4.39,4.57,4.25,4.36,90891690
2020-04-01,US3453708600,4.63,4.77,4.36,4.4,119174506
2020-03-31,US3453708600,5.03,5.19,4.75,4.83,231800752
2020-03-30,US3453708600,5.11,5.1197,4.93,5.03,97879666
2020-03-27,US3453708600,5.07,5.3,4.91,5.19,106324033
2020-03-26,US3453708600,5.36,5.65,5.16,5.25,138297998
2020-03-25,US3453708600,5.77,5.87,5.12,5.39,198999447
2020-03-24,US3453708600,4.47,4.99,4.26,4.95,146192141
2020-03-23,US3453708600,4.27,4.52,3.96,4.01,134925017
2020-03-20,US3453708600,4.54,4.75,4.25,4.33,129378586
2020-03-19,US3453708600,4.33,4.58,4.1,4.47,126603765
2020-03-18,US3453708600,4.75,4.84,4.1,4.5,125954745
2020-03-17,US3453708600,5.08,5.14,4.7,5.01,104233465
2020-03-16,US3453708600,5.04,5.22,5.0,5.01,110310935
2020-03-13,US3453708600,5.87,5.9,5.12,5.63,125375287
2020-03-12,US3453708600,5.38,5.69,5.2,5.35,89453102
2020-03-11,US3453708600,6.06,6.11,5.88,5.9,98639098
2020-03-10,US3453708600,6.26,6.29,5.8,6.26,101873628
2020-03-09,US3453708600,5.97,6.14,5.87,5.9,103901655
2020-03-06,US3453708600,6.6,6.68,6.4,6.49,109932196
2020-03-05,US3453708600,6.96,6.97,6.71,6.74,78070888
2020-03-04,US3453708600,7.09,7.09,6.92,7.08,70588065
2020-03-03,US3453708600,7.29,7.34,6.89,6.97,97457775
2020-03-02,US3453708600,7.11,7.23,6.88,7.2,96766032
2020-02-28,US3453708600,6.84,6.96,6.67,6.96,116546727
2020-02-27,US3453708600,7.13,7.28,6.92,6.97,118642394
2020-02-26,US3453708600,7.3,7.46,7.21,7.21,92524842
2020-02-25,US3453708600,7.68,7.68,7.22,7.23,108888298
2020-02-24,US3453708600,7.7,7.7197,7.55,7.57,110048156
2020-02-21,US3453708600,8.02,8.03,7.89,7.89,58326329
2020-02-20,US3453708600,8.0,8.07,7.99,8.03,52318244
2020-02-19,US3453708600,8.06,8.1,8.0,8.0,69668178
2020-02-18,US3453708600,8.12,8.1499,8.02,8.06,65207478
2020-02-14,US3453708600,8.27,8.27,8.08,8.1,46359668
2020-02-13,US3453708600,8.21,8.36,8.21,8.25,67648837
2020-02-12,US3453708600,8.14,8.33,8.13,8.24,111536751
2020-02-11,US3453708600,8.1,8.15,8.08,8.1,80164532
2020-02-10,US3453708600,8.15,8.15,8.05,8.06,71834905
2020-02-07,US3453708600,8.21,8.21,8.02,8.11,98256476
2020-02-06,US3453708600,8.37,8.38,8.25,8.25,68823367
2020-02-05,US3453708600,8.41,8.48,8.26,8.31,145792527
2020-02-04,US3453708600,9.08,9.24,9.07,9.18,86196417
2020-02-03,US3453708600,8.85,9.14,8.85,8.98,71432659
2020-01-31,US3453708600,8.78,8.84,8.74,8.82,59813731
2020-01-30,US3453708600,8.81,8.84,8.73,8.84,42827802
2020-01-29,US3453708600,8.85,8.955,8.84,8.86,59070709
2020-01-28,US3453708600,8.94,9.0,8.86,8.97,85163404
2020-01-27,US3453708600,8.88,8.96,8.78,8.89,60769335
2020-01-24,US3453708600,9.11,9.12,8.96,9.0,68100949
2020-01-23,US3453708600,9.14,9.16,8.93,9.14,75848669
2020-01-22,US3453708600,9.22,9.25,9.15,9.16,39914759
2020-01-21,US3453708600,9.15,9.22,9.1,9.21,49556423
2020-01-17,US3453708600,9.19,9.23,9.13,9.16,41644871
2020-01-16,US3453708600,9.23,9.28,9.15,9.17,44310388
2020-01-15,US3453708600,9.27,9.3,9.18,9.19,55923869
2020-01-14,US3453708600,9.22,9.33,9.21,9.29,42936052
2020-01-13,US3453708600,9.25,9.26,9.11,9.24,48562151
2020-01-10,US3453708600,9.27,9.36,9.25,9.25,39819244
2020-01-09,US3453708600,9.3,9.31,9.18,9.26,51905116
2020-01-08,US3453708600,9.23,9.3,9.17,9.25,46003049
2020-01-07,US3453708600,9.2,9.25,9.12,9.25,45334552
2020-01-06,US3453708600,9.1,9.17,9.06,9.16,43380677
2020-01-03,US3453708600,9.31,9.37,9.15,9.21,45059915
2020-01-02,US3453708600,9.29,9.42,9.19,9.42,43432239
2019-12-31,US3453708600,9.25,9.33,9.24,9.3,32345377
2019-12-30,US3453708600,9.34,9.35,9.23,9.25,36085418
2019-12-27,US3453708600,9.45,9.46,9.345,9.36,28273603
2019-12-26,US3453708600,9.47,9.49,9.43,9.45,28982311
2019-12-24,US3453708600,9.44,9.49,9.43,9.47,11881604
2019-12-23,US3453708600,9.5,9.57,9.4,9.44,54795992
2019-12-20,US3453708600,9.5,9.54,9.44,9.48,50199268
2019-12-19,US3453708600,9.55,9.57,9.38,9.41,42237371
2019-12-18,US3453708600,9.39,9.575,9.36,9.54,45929401
2019-12-17,US3453708600,9.38,9.41,9.31,9.39,35516663
2019-12-16,US3453708600,9.24,9.39,9.22,9.39,42339949
2019-12-13,US3453708600,9.32,9.39,9.19,9.23,35334491
2019-12-12,US3453708600,9.11,9.36,9.105,9.32,48398724
2019-12-11,US3453708600,9.06,9.14,9.055,9.11,33205336
2019-12-10,US3453708600,9.02,9.1,8.96,9.07,34233141
2019-12-09,US3453708600,8.97,9.07,8.96,9.01,21898172
2019-12-06,US3453708600,8.96,9.07,8.945,9.02,31111724
2019-12-05,US3453708600,8.97,9.0,8.88,8.93,25770717
2019-12-04,US3453708600,8.95,9.03,8.94,8.95,29994673
2019-12-03,US3453708600,8.95,8.95,8.8,8.89,41121654
2019-12-02,US3453708600,9.08,9.14,9.0,9.01,37270512
2019-11-29,US3453708600,9.04,9.1,9.03,9.06,13096150
2019-11-27,US3453708600,9.03,9.15,9.02,9.1,37424079
2019-11-26,US3453708600,8.98,9.02,8.91,9.01,30106841
2019-11-25,US3453708600,8.9,9.01,8.87,9.0,30617388
2019-11-22,US3453708600,8.8,8.9,8.77,8.89,34966746
2019-11-21,US3453708600,8.77,8.79,8.67,8.71,33161371
2019-11-20,US3453708600,8.88,8.89,8.68,8.73,38291750
2019-11-19,US3453708600,8.99,9.0,8.87,8.9,31192765
2019-11-18,US3453708600,9.05,9.05,8.89,8.95,38296388
2019-11-15,US3453708600,8.85,8.96,8.85,8.95,26430897
2019-11-14,US3453708600,8.85,8.9059,8.78,8.79,26542134
2019-11-13,US3453708600,9.0,9.0,8.8,8.81,34820794
2019-11-12,US3453708600,9.06,9.13,9.04,9.04,28710942
2019-11-11,US3453708600,8.95,9.1,8.94,9.08,24852635
2019-11-08,US3453708600,8.9,9.04,8.82,9.04,29489854
2019-11-07,US3453708600,8.96,9.01,8.88,8.89,32640397
2019-11-06,US3453708600,9.05,9.05,8.89,8.92,39497700
2019-11-05,US3453708600,9.02,9.15,9.0,9.02,37569674
2019-11-04,US3453708600,8.93,9.05,8.93,9.0,46716530
2019-11-01,US3453708600,8.64,8.93,8.64,8.89,55354930
2019-10-31,US3453708600,8.58,8.6,8.5,8.59,29124080
2019-10-30,US3453708600,8.64,8.64,8.52,8.54,28685314
2019-10-29,US3453708600,8.59,8.71,8.59,8.64,36771757
2019-10-28,US3453708600,8.76,8.76,8.58,8.61,39635287
2019-10-25,US3453708600,8.67,8.75,8.62,8.72,51373623
2019-10-24,US3453708600,8.87,8.89,8.55,8.6,121123977
2019-10-23,US3453708600,9.01,9.21,8.97,9.21,46677592
2019-10-22,US3453708600,9.01,9.14,8.96,9.07,35997409
2019-10-21,US3453708600,9.19,9.245,9.01,9.03,33812870
2019-10-18,US3453708600,9.09,9.32,9.09,9.29,42432622
2019-10-17,US3453708600,9.12,9.14,9.03,9.11,28652392
2019-10-16,US3453708600,9.11,9.19,9.06,9.07,27386353
2019-10-15,US3453708600,8.84,9.0999,8.78,9.07,31040706
2019-10-14,US3453708600,8.82,8.84,8.755,8.82,25444792
2019-10-11,US3453708600,8.73,8.87,8.73,8.78,34210303
2019-10-10,US3453708600,8.58,8.65,8.52,8.62,28223352
2019-10-09,US3453708600,8.61,8.64,8.56,8.56,16979210
2019-10-08,US3453708600,8.65,8.66,8.5,8.54,31598385
2019-10-07,US3453708600,8.7,8.79,8.61,8.68,29494228
2019-10-04,US3453708600,8.72,8.76,8.66,8.74,28096692
2019-10-03,US3453708600,8.55,8.71,8.45,8.71,41250596
2019-10-02,US3453708600,8.85,8.86,8.44,8.61,68290414
2019-10-01,US3453708600,9.19,9.24,8.87,8.9,39690749
2019-09-30,US3453708600,9.11,9.21,9.1,9.16,22493308
2019-09-27,US3453708600,9.14,9.6,9.06,9.08,32462237
2019-09-26,US3453708600,9.23,9.23,9.07,9.14,26593308
2019-09-25,US3453708600,9.1,9.23,9.09,9.2,20555603
2019-09-24,US3453708600,9.19,9.225,9.05,9.11,33167702
2019-09-23,US3453708600,9.13,9.23,9.08,9.16,23591820
2019-09-20,US3453708600,9.13,9.3,9.11,9.17,38117099
2019-09-19,US3453708600,9.31,9.3299,9.1,9.1,29133987
2019-09-18,US3453708600,9.26,9.36,9.22,9.25,24473869
2019-09-17,US3453708600,9.27,9.31,9.18,9.28,27510984
2019-09-16,US3453708600,9.36,9.45,9.24,9.3,50052608
2019-09-13,US3453708600,9.47,9.59,9.44,9.45,27161260
2019-09-12,US3453708600,9.36,9.48,9.32,9.41,35687710
2019-09-11,US3453708600,9.29,9.43,9.29,9.42,34190270
2019-09-10,US3453708600,9.08,9.42,9.04,9.42,70567287
2019-09-09,US3453708600,9.39,9.65,9.39,9.54,48059365
2019-09-06,US3453708600,9.37,9.41,9.2,9.34,29210272
2019-09-05,US3453708600,9.25,9.4,9.25,9.34,36640467
2019-09-04,US3453708600,9.17,9.23,9.07,9.2,27410227
2019-09-03,US3453708600,9.18,9.2,9.04,9.1,26331720
2019-08-30,US3453708600,9.16,9.23,9.1,9.17,32060743
2019-08-29,US3453708600,9.1,9.14,9.03,9.12,22016749
2019-08-28,US3453708600,8.72,9.04,8.7,9.0,35147625
2019-08-27,US3453708600,8.89,8.91,8.75,8.76,23032302
2019-08-26,US3453708600,8.88,8.907,8.79,8.82,31890304
2019-08-23,US3453708600,8.9,8.99,8.73,8.77,44987686
2019-08-22,US3453708600,9.05,9.14,9.02,9.04,20977683
2019-08-21,US3453708600,9.02,9.05,8.97,9.04,20443922
2019-08-20,US3453708600,9.0,9.07,8.93,8.96,25119456
2019-08-19,US3453708600,9.05,9.1,9.02,9.03,21844004
2019-08-16,US3453708600,8.92,9.0,8.81,8.96,27369852
2019-08-15,US3453708600,9.06,9.06,8.78,8.86,40682769
2019-08-14,US3453708600,9.13,9.15,8.96,9.0,45967364
2019-08-13,US3453708600,9.29,9.42,9.18,9.26,28314963
2019-08-12,US3453708600,9.29,9.39,9.18,9.29,22537761
2019-08-09,US3453708600,9.54,9.58,9.39,9.45,38739667
2019-08-08,US3453708600,9.56,9.62,9.505,9.56,25468954
2019-08-07,US3453708600,9.43,9.56,9.3201,9.53,43042366
2019-08-06,US3453708600,9.42,9.51,9.36,9.48,51856101
2019-08-05,US3453708600,9.18,9.27,9.06,9.23,47963445
2019-08-02,US3453708600,9.26,9.34,9.21,9.28,41495163
2019-08-01,US3453708600,9.53,9.59,9.28,9.31,58060754
2019-07-31,US3453708600,9.57,9.58,9.4,9.53,56715513
2019-07-30,US3453708600,9.56,9.58,9.48,9.55,36944663
2019-07-29,US3453708600,9.6,9.68,9.52,9.6,36487758
2019-07-26,US3453708600,9.58,9.65,9.51,9.57,47710167
2019-07-25,US3453708600,9.75,9.78,9.4,9.56,133898570
2019-07-24,US3453708600,10.1799,10.35,10.14,10.33,61107450
2019-07-23,US3453708600,10.13,10.22,10.06,10.17,74624841
2019-07-22,US3453708600,10.13,10.17,10.0,10.02,36238647
2019-07-19,US3453708600,10.3,10.32,10.2,10.2,38505641
2019-07-18,US3453708600,10.3,10.31,10.18,10.26,25828860
2019-07-17,US3453708600,10.48,10.5,10.31,10.33,25204389
2019-07-16,US3453708600,10.37,10.51,10.285,10.51,29530493
2019-07-15,US3453708600,10.49,10.56,10.34,10.42,33753508
2019-07-12,US3453708600,10.24,10.5,10.24,10.49,40761563
2019-07-11,US3453708600,10.15,10.2,10.11,10.19,27667547
2019-07-10,US3453708600,10.19,10.26,10.11,10.11,29082154
2019-07-09,US3453708600,10.17,10.19,10.1,10.14,25140615
2019-07-08,US3453708600,10.2,10.26,10.18,10.2,23244145
2019-07-05,US3453708600,10.18,10.27,10.09,10.2,21397917
2019-07-03,US3453708600,10.18,10.3,10.13,10.2,19326620
2019-07-02,US3453708600,10.15,10.21,10.04,10.12,29715482
2019-07-01,US3453708600,10.34,10.43,10.07,10.15,38537013
2019-06-28,US3453708600,10.2,10.31,10.2,10.23,37555290
2019-06-27,US3453708600,10.04,10.24,10.0,10.2,42954594
2019-06-26,US3453708600,9.87,9.959,9.82,9.91,33739050
2019-06-25,US3453708600,9.97,9.99,9.83,9.84,28682019
2019-06-24,US3453708600,9.95,10.02,9.93,9.95,28091230
2019-06-21,US3453708600,10.03,10.05,9.91,9.99,47904041
2019-06-20,US3453708600,10.13,10.15,9.95,10.04,32086473
2019-06-19,US3453708600,10.15,10.18,10.03,10.04,29051257
2019-06-18,US3453708600,10.08,10.2,10.0476,10.1,32591675
2019-06-17,US3453708600,9.99,10.09,9.94,10.05,19383830
2019-06-14,US3453708600,10.01,10.04,9.94,9.98,21553248
2019-06-13,US3453708600,9.87,10.06,9.8,10.06,25555852
2019-06-12,US3453708600,9.9,9.93,9.84,9.85,21746723
2019-06-11,US3453708600,9.87,9.98,9.79,9.92,26434185
2019-06-10,US3453708600,9.89,10.03,9.76,9.82,33883401
2019-06-07,US3453708600,9.76,9.82,9.7,9.76,18848704
2019-06-06,US3453708600,9.72,9.82,9.66,9.75,28291063
2019-06-05,US3453708600,9.87,9.92,9.65,9.78,42464814
2019-06-04,US3453708600,9.73,9.95,9.72,9.92,37324130
2019-06-03,US3453708600,9.62,9.65,9.46,9.61,39446800
2019-05-31,US3453708600,9.48,9.54,9.325,9.52,48250384
2019-05-30,US3453708600,9.74,9.84,9.68,9.74,24759571
2019-05-29,US3453708600,9.69,9.75,9.55,9.71,32262552
2019-05-28,US3453708600,9.87,9.9,9.77,9.78,27656181
2019-05-24,US3453708600,9.92,9.95,9.8,9.83,22131457
2019-05-23,US3453708600,9.85,9.85,9.67,9.85,43153773
2019-05-22,US3453708600,10.17,10.21,9.93,9.97,51407182
2019-05-21,US3453708600,10.31,10.31,10.15,10.24,30099324
2019-05-20,US3453708600,10.3,10.3,10.2,10.28,29535935
2019-05-17,US3453708600,10.32,10.44,10.24,10.29,34565393
2019-05-16,US3453708600,10.3,10.44,10.3,10.4,32696980
2019-05-15,US3453708600,10.21,10.4,10.04,10.36,44050200
2019-05-14,US3453708600,10.15,10.29,10.13,10.24,31297221
2019-05-13,US3453708600,10.17,10.26,10.04,10.08,51102054
2019-05-10,US3453708600,10.32,10.41,10.2,10.38,37629526
2019-05-09,US3453708600,10.26,10.3,10.07,10.2,43621299
2019-05-08,US3453708600,10.38,10.45,10.31,10.34,33472200
2019-05-07,US3453708600,10.33,10.41,10.3,10.38,41154485
2019-05-06,US3453708600,10.12,10.42,10.12,10.37,28640578
2019-05-03,US3453708600,10.37,10.45,10.3,10.41,36291243
2019-05-02,US3453708600,10.3,10.35,10.2,10.34,34508446
2019-05-01,US3453708600,10.48,10.5,10.29,10.3,41805504
2019-04-30,US3453708600,10.29,10.5,10.27,10.45,46079308
2019-04-29,US3453708600,10.36,10.39,10.07,10.32,62500522
2019-04-26,US3453708600,10.03,10.45,9.95,10.41,156136698
2019-04-25,US3453708600,9.52,9.53,9.34,9.4,52596747
2019-04-24,US3453708600,9.45,9.61,9.4,9.57,39796303
2019-04-23,US3453708600,9.36,9.51,9.3,9.5,39493689
2019-04-22,US3453708600,9.58,9.58,9.46,9.5,38718506
2019-04-18,US3453708600,9.52,9.62,9.48,9.55,29843042
2019-04-17,US3453708600,9.4,9.58,9.39,9.5,30688316
2019-04-16,US3453708600,9.32,9.4,9.24,9.36,40949992
2019-04-15,US3453708600,9.48,9.5,9.26,9.33,41206747
2019-04-12,US3453708600,9.47,9.6,9.44,9.45,38646020
2019-04-11,US3453708600,9.35,9.41,9.33,9.39,26488106
2019-04-10,US3453708600,9.23,9.35,9.2,9.33,28469482
2019-04-09,US3453708600,9.27,9.36,9.17,9.21,29879089
2019-04-08,US3453708600,9.18,9.32,9.17,9.3,26221135
2019-04-05,US3453708600,9.17,9.27,9.08,9.25,37854698
2019-04-04,US3453708600,9.21,9.3,9.18,9.24,39483120
2019-04-03,US3453708600,9.07,9.27,9.06,9.13,56663558
2019-04-02,US3453708600,8.95,9.03,8.91,9.01,30699413
2019-04-01,US3453708600,8.86,9.0,8.86,8.98,45653096
2019-03-29,US3453708600,8.8,8.89,8.71,8.78,33962755
2019-03-28,US3453708600,8.65,8.83,8.64,8.77,38914696
2019-03-27,US3453708600,8.75,8.86,8.62,8.62,39895763
2019-03-26,US3453708600,8.54,8.76,8.54,8.76,47852114
2019-03-25,US3453708600,8.56,8.65,8.47,8.51,45849484
2019-03-22,US3453708600,8.63,8.67,8.52,8.54,41963991
2019-03-21,US3453708600,8.5,8.69,8.49,8.69,46843085
2019-03-20,US3453708600,8.67,8.67,8.48,8.51,54539726
2019-03-19,US3453708600,8.61,8.87,8.61,8.7,57293608
2019-03-18,US3453708600,8.45,8.57,8.42,8.57,37198328
2019-03-15,US3453708600,8.42,8.47,8.37,8.43,66555519
2019-03-14,US3453708600,8.52,8.55,8.4,8.41,36307868
2019-03-13,US3453708600,8.59,8.65,8.5,8.53,49018694
2019-03-12,US3453708600,8.65,8.7,8.55,8.57,37805025
2019-03-11,US3453708600,8.46,8.63,8.45,8.61,36875290
2019-03-08,US3453708600,8.4,8.47,8.34,8.42,43766799
2019-03-07,US3453708600,8.56,8.57,8.345,8.48,54285995
2019-03-06,US3453708600,8.75,8.78,8.56,8.58,50378587
2019-03-05,US3453708600,8.8,8.81,8.7,8.77,40852648
2019-03-04,US3453708600,8.83,8.97,8.76,8.81,46196859
2019-03-01,US3453708600,8.85,8.89,8.71,8.79,37699506
2019-02-28,US3453708600,8.77,8.79,8.6,8.77,43960541
2019-02-27,US3453708600,8.83,8.91,8.78,8.78,34093320
2019-02-26,US3453708600,8.75,8.94,8.72,8.88,38348838
2019-02-25,US3453708600,8.77,8.85,8.75,8.76,56615428
2019-02-22,US3453708600,8.73,8.75,8.56,8.71,40947503
2019-02-21,US3453708600,8.94,8.955,8.7,8.71,44730351
2019-02-20,US3453708600,8.83,8.98,8.82,8.94,55316868
2019-02-19,US3453708600,8.53,8.845,8.53,8.83,37929175
2019-02-15,US3453708600,8.49,8.56,8.41,8.54,58080330
2019-02-14,US3453708600,8.38,8.47,8.32,8.42,23569872
2019-02-13,US3453708600,8.45,8.66,8.39,8.41,27182886
2019-02-12,US3453708600,8.38,8.47,8.38,8.46,26235089
2019-02-11,US3453708600,8.41,8.44,8.29,8.33,27403546
2019-02-08,US3453708600,8.29,8.41,8.16,8.39,38650090
2019-02-07,US3453708600,8.62,8.62,8.29,8.31,55161837
2019-02-06,US3453708600,8.79,8.9,8.68,8.72,32644299
2019-02-05,US3453708600,8.68,8.76,8.65,8.75,26166848
2019-02-04,US3453708600,8.7,8.7,8.59,8.7,28855569
2019-02-01,US3453708600,8.77,8.81,8.62,8.72,34124005
2019-01-31,US3453708600,8.62,8.82,8.6,8.8,39389094
2019-01-30,US3453708600,8.665,8.72,8.52,8.71,29906134
2019-01-29,US3453708600,8.71,8.79,8.62,8.76,30485016
2019-01-28,US3453708600,8.8,8.8,8.58,8.66,42116304
2019-01-25,US3453708600,8.74,8.96,8.73,8.86,53130148
2019-01-24,US3453708600,8.32,8.68,8.22,8.6,79516367
2019-01-23,US3453708600,8.54,8.54,8.28,8.34,45196860
2019-01-22,US3453708600,8.54,8.605,8.46,8.5,47182620
2019-01-18,US3453708600,8.39,8.6,8.33,8.58,51127860
2019-01-17,US3453708600,8.27,8.44,8.21,8.36,56722604
2019-01-16,US3453708600,8.68,8.77,8.26,8.29,73869859
2019-01-15,US3453708600,9.02,9.03,8.75,8.84,65311702
2019-01-14,US3453708600,8.8,9.06,8.76,8.99,44833842
2019-01-11,US3453708600,8.77,8.93,8.7,8.82,41559875
2019-01-10,US3453708600,8.71,8.77,8.45,8.67,39490422
2019-01-09,US3453708600,8.45,8.77,8.36,8.72,48404884
2019-01-08,US3453708600,8.42,8.54,8.35,8.37,45643969
2019-01-07,US3453708600,8.11,8.365,8.025,8.29,40729353
2019-01-04,US3453708600,7.91,8.12,7.85,8.08,43039807
2019-01-03,US3453708600,7.97,7.99,7.78,7.78,39172395
2019-01-02,US3453708600,7.53,8.02,7.48,7.9,47494361
2018-12-31,US3453708600,7.85,7.86,7.5,7.65,57816044
2018-12-28,US3453708600,7.83,8.04,7.76,7.81,47331686
2018-12-27,US3453708600,7.82,7.85,7.53,7.85,49812964
2018-12-26,US3453708600,7.73,7.86,7.41,7.85,58809955
2018-12-24,US3453708600,8.01,8.01,7.61,7.63,38709511
2018-12-21,US3453708600,8.22,8.4,8.04,8.05,57542256
2018-12-20,US3453708600,8.33,8.417,8.18,8.26,58926152
2018-12-19,US3453708600,8.46,8.65,8.27,8.32,75272899
2018-12-18,US3453708600,8.55,8.68,8.41,8.47,38262962
2018-12-17,US3453708600,8.48,8.72,8.41,8.5,44469948
2018-12-14,US3453708600,8.52,8.68,8.46,8.52,35613263
2018-12-13,US3453708600,8.67,8.7,8.455,8.5,34200443
2018-12-12,US3453708600,8.64,8.73,8.59,8.64,40602732
2018-12-11,US3453708600,8.72,8.8,8.5,8.54,42294523
2018-12-10,US3453708600,8.83,8.85,8.38,8.52,56499741
2018-12-07,US3453708600,9.02,9.13,8.8,8.82,43534810
2018-12-06,US3453708600,9.12,9.12,8.92,9.02,53963586
2018-12-04,US3453708600,9.55,9.6,9.18,9.18,57930317
2018-12-03,US3453708600,9.71,9.85,9.6,9.6,64643017
2018-11-30,US3453708600,9.37,9.48,9.36,9.41,36269456
2018-11-29,US3453708600,9.37,9.44,9.26,9.37,29207626
2018-11-28,US3453708600,9.27,9.44,9.17,9.41,33199483
2018-11-27,US3453708600,9.37,9.43,9.25,9.28,34283203
2018-11-26,US3453708600,9.23,9.53,9.17,9.4,46304425
2018-11-23,US3453708600,9.07,9.22,9.03,9.13,13520848
2018-11-21,US3453708600,9.05,9.2,8.98,9.11,25882740
2018-11-20,US3453708600,9.1,9.22,9.01,9.06,35160306
2018-11-19,US3453708600,9.02,9.36,8.96,9.25,56292462
2018-11-16,US3453708600,9.28,9.31,8.98,9.05,54582518
2018-11-15,US3453708600,9.5,9.53,9.12,9.31,57170119
2018-11-14,US3453708600,9.63,9.6658,9.43,9.54,46677594
2018-11-13,US3453708600,9.53,9.67,9.47,9.54,33097995
2018-11-12,US3453708600,9.38,9.58,9.37,9.49,36317186
2018-11-09,US3453708600,9.38,9.8,9.27,9.38,52203593
2018-11-08,US3453708600,9.58,9.65,9.44,9.46,55810120
2018-11-07,US3453708600,9.6,9.6,9.45,9.6,37347419
2018-11-06,US3453708600,9.46,9.57,9.41,9.54,40928647
2018-11-05,US3453708600,9.38,9.57,9.35,9.53,41274267
2018-11-02,US3453708600,9.36,9.45,9.26,9.38,48499166
2018-11-01,US3453708600,9.54,9.55,9.26,9.29,59794356
2018-10-31,US3453708600,9.62,9.67,9.43,9.55,68507097
2018-10-30,US3453708600,9.31,9.56,9.27,9.46,58061997
2018-10-29,US3453708600,9.36,9.59,9.17,9.28,92275144
2018-10-26,US3453708600,8.96,9.06,8.86,8.98,100639822
2018-10-25,US3453708600,8.52,9.0,8.46,8.99,90399170
2018-10-24,US3453708600,8.5,8.595,8.17,8.18,58895107
2018-10-23,US3453708600,8.3,8.64,8.23,8.59,55443298
2018-10-22,US3453708600,8.38,8.45,8.27,8.41,39803505
2018-10-19,US3453708600,8.32,8.525,8.19,8.5,59831126
2018-10-18,US3453708600,8.74,8.76,8.5,8.51,59669220
2018-10-17,US3453708600,8.8,8.86,8.64,8.76,48795137
2018-10-16,US3453708600,8.87,8.89,8.73,8.8,36771962
2018-10-15,US3453708600,8.67,8.85,8.66,8.81,40183227
2018-10-12,US3453708600,8.95,8.95,8.55,8.64,59308503
2018-10-11,US3453708600,8.82,8.99,8.76,8.81,66170847
2018-10-10,US3453708600,8.95,8.98,8.81,8.82,54104073
2018-10-09,US3453708600,9.23,9.31,8.95,8.95,58356912
2018-10-08,US3453708600,9.1,9.28,9.09,9.26,43657683
2018-10-05,US3453708600,9.15,9.22,9.1,9.12,36952234
2018-10-04,US3453708600,9.13,9.22,9.09,9.15,38889619
2018-10-03,US3453708600,9.27,9.31,9.13,9.13,47023058
2018-10-02,US3453708600,9.27,9.34,9.18,9.2,41806359
2018-10-01,US3453708600,9.43,9.44,9.3,9.32,44864717
2018-09-28,US3453708600,9.22,9.28,9.09,9.25,30987233
2018-09-27,US3453708600,9.3,9.33,9.2,9.23,57272192
2018-09-26,US3453708600,9.38,9.41,9.27,9.27,58597487
2018-09-25,US3453708600,9.53,9.56,9.37,9.39,44406116
2018-09-24,US3453708600,9.78,9.85,9.52,9.59,43170827
2018-09-21,US3453708600,9.84,9.94,9.78,9.85,74488637
2018-09-20,US3453708600,9.83,9.93,9.71,9.81,46314358
2018-09-19,US3453708600,9.61,9.83,9.61,9.78,40111485
2018-09-18,US3453708600,9.54,9.61,9.48,9.58,57055398
2018-09-17,US3453708600,9.435,9.595,9.43,9.55,29544428
2018-09-14,US3453708600,9.38,9.48,9.36,9.45,30013336
2018-09-13,US3453708600,9.38,9.41,9.31,9.37,29315671
2018-09-12,US3453708600,9.31,9.42,9.28,9.34,25450013
2018-09-11,US3453708600,9.35,9.36,9.22,9.31,27158381
2018-09-10,US3453708600,9.31,9.49,9.3,9.38,30421677
2018-09-07,US3453708600,9.41,9.49,9.25,9.27,51229915
2018-09-06,US3453708600,9.48,9.55,9.4,9.43,29519107
2018-09-05,US3453708600,9.47,9.55,9.32,9.49,44561879
2018-09-04,US3453708600,9.53,9.58,9.36,9.47,54111109
2018-08-31,US3453708600,9.64,9.68,9.4,9.48,76424884
2018-08-30,US3453708600,9.87,9.915,9.67,9.7,48539347
2018-08-29,US3453708600,10.01,10.02,9.9,9.97,37336431
2018-08-28,US3453708600,10.08,10.09,9.95,10.01,33845494
2018-08-27,US3453708600,9.75,10.04,9.73,9.99,49769258
2018-08-24,US3453708600,9.65,9.7,9.61,9.68,18380040
2018-08-23,US3453708600,9.67,9.69,9.58,9.63,31511844
2018-08-22,US3453708600,9.79,9.82,9.68,9.69,30803675
2018-08-21,US3453708600,9.77,9.9,9.69,9.86,46413897
2018-08-20,US3453708600,9.56,9.74,9.56,9.72,25252486
2018-08-17,US3453708600,9.53,9.6,9.46,9.55,32742936
2018-08-16,US3453708600,9.5,9.6,9.49,9.51,28857667
2018-08-15,US3453708600,9.46,9.5,9.35,9.45,36298597
2018-08-14,US3453708600,9.51,9.615,9.45,9.5,37657351
2018-08-13,US3453708600,9.74,9.75,9.42,9.46,66586182
2018-08-10,US3453708600,9.91,9.91,9.72,9.74,39180474
2018-08-09,US3453708600,10.06,10.07,9.9,9.91,35682617
2018-08-08,US3453708600,10.05,10.1,10.04,10.05,22601602
2018-08-07,US3453708600,10.04,10.1,10.02,10.08,27961231
2018-08-06,US3453708600,10.0,10.05,9.97,10.03,22247882
2018-08-03,US3453708600,9.93,10.06,9.93,10.04,25925122
2018-08-02,US3453708600,9.9,9.98,9.84,9.92,40318865
2018-08-01,US3453708600,10.06,10.0785,9.82,9.9,44126692
2018-07-31,US3453708600,10.11,10.11,10.0,10.04,38026871
2018-07-30,US3453708600,9.96,10.1,9.93,10.07,35877009
2018-07-27,US3453708600,9.96,10.05,9.91,9.93,46178701
2018-07-26,US3453708600,10.14,10.16,9.84,9.89,103893039
2018-07-25,US3453708600,10.32,10.57,10.12,10.52,92610535
2018-07-24,US3453708600,10.51,10.74,10.5,10.57,47302950
2018-07-23,US3453708600,10.56,10.57,10.42,10.47,34941983
2018-07-20,US3453708600,10.68,10.72,10.51,10.56,41673254
2018-07-19,US3453708600,10.89,10.9,10.77,10.82,40308773
2018-07-18,US3453708600,10.85,10.895,10.81,10.87,36420018
2018-07-17,US3453708600,10.8,10.9,10.8,10.86,37584265
2018-07-16,US3453708600,10.95,10.97,10.76,10.85,46156833
2018-07-13,US3453708600,11.02,11.05,10.91,10.98,36567189
2018-07-12,US3453708600,11.1,11.14,11.0,11.05,27025237
2018-07-11,US3453708600,11.15,11.17,11.05,11.07,30030119
2018-07-10,US3453708600,11.2,11.26,11.17,11.25,21231537
2018-07-09,US3453708600,11.1,11.26,11.03,11.2,23916802
2018-07-06,US3453708600,11.04,11.1,10.92,11.06,25671874
2018-07-05,US3453708600,11.1,11.14,11.02,11.05,32008544
2018-07-03,US3453708600,11.1,11.15,10.94,10.99,16544777
2018-07-02,US3453708600,11.02,11.105,10.91,11.1,37892751
2018-06-29,US3453708600,11.32,11.37,11.03,11.07,44718473
2018-06-28,US3453708600,11.37,11.4,11.15,11.28,43836444
2018-06-27,US3453708600,11.54,11.64,11.4,11.42,27241994
2018-06-26,US3453708600,11.56,11.63,11.49,11.52,36627672
2018-06-25,US3453708600,11.63,11.67,11.38,11.5,36101893
2018-06-22,US3453708600,11.75,11.87,11.62,11.65,38207303
2018-06-21,US3453708600,11.8,11.8299,11.64,11.71,33316702
2018-06-20,US3453708600,11.97,12.05,11.83,11.87,31964792
2018-06-19,US3453708600,11.82,11.89,11.67,11.89,40064785
2018-06-18,US3453708600,11.82,12.04,11.81,11.99,32706527
2018-06-15,US3453708600,11.84,12.03,11.8,11.88,56326835
2018-06-14,US3453708600,12.0,12.01,11.84,11.89,34523019
2018-06-13,US3453708600,12.1,12.1,11.96,12.02,28406733
2018-06-12,US3453708600,12.07,12.15,12.03,12.11,51395448
2018-06-11,US3453708600,12.1,12.15,12.02,12.03,30398078
2018-06-08,US3453708600,12.04,12.12,12.0,12.1,28371881
2018-06-07,US3453708600,11.97,12.15,11.96,12.03,47314073
2018-06-06,US3453708600,11.87,12.0,11.82,11.97,31110458
2018-06-05,US3453708600,11.74,11.8675,11.68,11.83,31036704
2018-06-04,US3453708600,11.74,11.785,11.69,11.74,25141346
2018-06-01,US3453708600,11.67,11.77,11.61,11.71,35406189
2018-05-31,US3453708600,11.65,11.735,11.36,11.55,61563249
2018-05-30,US3453708600,11.53,11.61,11.47,11.55,25554593
2018-05-29,US3453708600,11.6,11.62,11.36,11.44,31324274
2018-05-25,US3453708600,11.56,11.605,11.47,11.51,19337470
2018-05-24,US3453708600,11.45,11.65,11.44,11.62,34876334
2018-05-23,US3453708600,11.5,11.55,11.33,11.44,23595004
2018-05-22,US3453708600,11.58,11.635,11.51,11.52,22360885
2018-05-21,US3453708600,11.42,11.55,11.39,11.51,31011916
2018-05-18,US3453708600,11.44,11.47,11.3,11.33,23893731
2018-05-17,US3453708600,11.4,11.48,11.38,11.46,20741087
2018-05-16,US3453708600,11.21,11.4,11.2,11.4,28976692
2018-05-15,US3453708600,11.1,11.25,11.06,11.22,26950114
2018-05-14,US3453708600,11.23,11.29,11.17,11.18,27903121
2018-05-11,US3453708600,11.22,11.245,11.16,11.19,19837675
2018-05-10,US3453708600,11.04,11.25,11.02,11.21,32023835
2018-05-09,US3453708600,11.21,11.28,11.02,11.06,43731958
2018-05-08,US3453708600,11.32,11.37,11.235,11.27,25754109
2018-05-07,US3453708600,11.36,11.44,11.31,11.34,27510279
2018-05-04,US3453708600,11.16,11.41,11.09,11.36,32043468
2018-05-03,US3453708600,11.17,11.21,10.97,11.2,38907404
2018-05-02,US3453708600,11.26,11.265,11.12,11.21,41899467
2018-05-01,US3453708600,11.25,11.35,11.1,11.26,61430446
2018-04-30,US3453708600,11.53,11.725,11.22,11.24,66090895
2018-04-27,US3453708600,11.4,11.56,11.38,11.49,33375943
2018-04-26,US3453708600,11.42,11.53,11.29,11.43,80676755
2018-04-25,US3453708600,10.96,11.16,10.87,11.11,40356076
2018-04-24,US3453708600,11.05,11.17,10.93,10.96,39624986
2018-04-23,US3453708600,10.84,11.04,10.83,11.04,31936522
2018-04-20,US3453708600,11.01,11.03,10.78,10.82,44930027
2018-04-19,US3453708600,11.18,11.2494,10.85,10.96,49154173
2018-04-18,US3453708600,11.38,11.48,11.3,11.33,46226082
2018-04-17,US3453708600,11.43,11.45,11.3,11.38,30906803
2018-04-16,US3453708600,11.36,11.45,11.27,11.38,32803268
2018-04-13,US3453708600,11.35,11.39,11.23,11.28,34598783
2018-04-12,US3453708600,11.5,11.54,11.25,11.31,47133732
2018-04-11,US3453708600,11.38,11.49,11.3,11.43,32979038
2018-04-10,US3453708600,11.44,11.55,11.41,11.45,44005015
2018-04-09,US3453708600,11.25,11.38,11.2,11.25,36462658
2018-04-06,US3453708600,11.28,11.35,11.07,11.18,31920686
2018-04-05,US3453708600,11.34,11.38,11.23,11.35,28755606
2018-04-04,US3453708600,10.87,11.36,10.8,11.33,44834639
2018-04-03,US3453708600,11.01,11.18,10.9,11.15,42523917
2018-04-02,US3453708600,11.06,11.09,10.7,10.86,43598094
2018-03-29,US3453708600,10.93,11.13,10.915,11.08,39863962
2018-03-28,US3453708600,10.83,10.95,10.73,10.86,42263662
2018-03-27,US3453708600,10.85,10.92,10.72,10.83,40677320
2018-03-26,US3453708600,10.74,10.87,10.68,10.83,52325512
2018-03-23,US3453708600,10.79,10.85,10.51,10.56,39950867
2018-03-22,US3453708600,11.0,11.06,10.73,10.75,51280905
2018-03-21,US3453708600,11.0,11.185,10.93,11.1,38550957
2018-03-20,US3453708600,11.05,11.13,10.97,10.99,45612813
2018-03-19,US3453708600,11.15,11.17,10.87,11.01,63122538
2018-03-16,US3453708600,11.12,11.22,11.06,11.15,80684224
2018-03-15,US3453708600,11.05,11.25,10.95,11.07,47645277
2018-03-14,US3453708600,11.25,11.44,11.01,11.02,91985319
2018-03-13,US3453708600,10.84,10.98,10.73,10.78,44456812
2018-03-12,US3453708600,10.69,10.85,10.68,10.81,33800918
2018-03-09,US3453708600,10.63,10.73,10.57,10.73,26684375
2018-03-08,US3453708600,10.65,10.68,10.48,10.61,26947958
2018-03-07,US3453708600,10.51,10.64,10.43,10.63,30046598
2018-03-06,US3453708600,10.65,10.68,10.47,10.63,30978946
2018-03-05,US3453708600,10.31,10.63,10.3,10.58,44021329
2018-03-02,US3453708600,10.24,10.42,10.14,10.4,60491864
2018-03-01,US3453708600,10.65,10.69,10.2,10.29,75841414
2018-02-28,US3453708600,10.68,10.79,10.57,10.61,41321429
2018-02-27,US3453708600,10.93,10.99,10.6,10.61,43502012
2018-02-26,US3453708600,10.74,10.95,10.7,10.89,27157756
2018-02-23,US3453708600,10.67,10.71,10.62,10.7,21786781
2018-02-22,US3453708600,10.6,10.73,10.56,10.63,25409561
2018-02-21,US3453708600,10.65,10.75,10.59,10.6,36037720
2018-02-20,US3453708600,10.58,10.67,10.55,10.63,27617865
2018-02-16,US3453708600,10.7,10.82,10.52,10.61,41041761
2018-02-15,US3453708600,10.8,10.8,10.64,10.76,28208311
2018-02-14,US3453708600,10.55,10.75,10.5,10.74,27844338
2018-02-13,US3453708600,10.63,10.69,10.53,10.59,36884488
2018-02-12,US3453708600,10.67,10.82,10.5436,10.7,49068946
2018-02-09,US3453708600,10.57,10.64,10.24,10.53,72103620
2018-02-08,US3453708600,10.79,10.86,10.42,10.43,73990734
2018-02-07,US3453708600,10.75,11.04,10.7,10.76,68041787
2018-02-06,US3453708600,10.27,10.79,10.19,10.76,139938127
2018-02-05,US3453708600,10.78,10.8,10.24,10.24,96756955
2018-02-02,US3453708600,10.88,10.88,10.62,10.71,72312922
2018-02-01,US3453708600,10.95,11.0,10.85,10.92,41352192
2018-01-31,US3453708600,11.09,11.115,10.9,10.97,57644576
2018-01-30,US3453708600,11.09,11.23,11.05,11.06,52068187
2018-01-29,US3453708600,11.42,11.47,11.11,11.12,55113971
2018-01-26,US3453708600,11.59,11.7,11.5,11.65,52496001
2018-01-25,US3453708600,11.93,11.93,11.44,11.57,114886820
2018-01-24,US3453708600,12.0,12.09,11.92,12.05,63300483
2018-01-23,US3453708600,12.03,12.03,11.9,11.96,51830968
2018-01-22,US3453708600,12.02,12.08,11.9,12.02,52851915
2018-01-19,US3453708600,12.12,12.12,11.91,12.0,51303747
2018-01-18,US3453708600,12.18,12.2,12.02,12.07,66541729
2018-01-17,US3453708600,12.58,12.58,12.1,12.18,132412533
2018-01-16,US3453708600,13.31,13.48,13.01,13.1,53961375
2018-01-12,US3453708600,13.1,13.29,13.1,13.23,56979186
2018-01-11,US3453708600,13.02,13.2,13.0,13.16,28342293
2018-01-10,US3453708600,13.06,13.139,12.96,13.03,56517139
2018-01-09,US3453708600,13.18,13.22,13.08,13.08,27924109
2018-01-08,US3453708600,13.21,13.22,13.11,13.15,33828330
2018-01-05,US3453708600,13.06,13.22,13.04,13.2,46121873
2018-01-04,US3453708600,12.78,13.04,12.77,12.98,37478200
2018-01-03,US3453708600,12.68,12.8,12.67,12.76,29765638
2018-01-02,US3453708600,12.52,12.66,12.5,12.66,20773320
2017-12-29,US3453708600,12.58,12.61,12.49,12.49,18362455
2017-12-28,US3453708600,12.48,12.58,12.47,12.58,14793534
2017-12-27,US3453708600,12.57,12.58,12.45,12.5,17005626
2017-12-26,US3453708600,12.57,12.65,12.55,12.6,11664564
2017-12-22,US3453708600,12.66,12.66,12.56,12.58,17876156
2017-12-21,US3453708600,12.74,12.77,12.63,12.63,21004663
2017-12-20,US3453708600,12.72,12.75,12.65,12.72,18989429
2017-12-19,US3453708600,12.71,12.78,12.66,12.69,23056884
2017-12-18,US3453708600,12.66,12.75,12.61,12.66,25022657
2017-12-15,US3453708600,12.51,12.66,12.5,12.58,48655453
2017-12-14,US3453708600,12.65,12.69,12.41,12.46,37073960
2017-12-13,US3453708600,12.61,12.725,12.59,12.63,31858995
2017-12-12,US3453708600,12.56,12.635,12.51,12.6,54370612
2017-12-11,US3453708600,12.6,12.63,12.51,12.58,44194633
2017-12-08,US3453708600,12.53,12.61,12.43,12.61,21981870
2017-12-07,US3453708600,12.395,12.59,12.33,12.53,25417119
2017-12-06,US3453708600,12.4,12.43,12.28,12.38,28453762
2017-12-05,US3453708600,12.61,12.62,12.4,12.43,45527163
2017-12-04,US3453708600,12.65,12.81,12.59,12.63,39558857
2017-12-01,US3453708600,12.62,12.7,12.35,12.58,52458736
2017-11-30,US3453708600,12.53,12.65,12.42,12.52,49224189
2017-11-29,US3453708600,12.24,12.57,12.23,12.56,64865974
2017-11-28,US3453708600,12.15,12.24,12.08,12.21,33199323
2017-11-27,US3453708600,12.09,12.19,12.06,12.11,28525156
2017-11-24,US3453708600,12.1,12.15,12.03,12.1,9549629
2017-11-22,US3453708600,12.11,12.15,12.05,12.07,36184010
2017-11-21,US3453708600,12.14,12.225,12.12,12.12,28510260
2017-11-20,US3453708600,12.03,12.15,12.02,12.13,32352040
2017-11-17,US3453708600,12.02,12.06,11.985,12.01,31117727
2017-11-16,US3453708600,12.0,12.05,11.93,12.04,28269046
2017-11-15,US3453708600,11.97,12.03,11.87,12.0,28441307
2017-11-14,US3453708600,12.1,12.16,11.99,12.02,25893421
2017-11-13,US3453708600,12.01,12.22,11.97,12.16,30415855
2017-11-10,US3453708600,12.0,12.09,11.98,12.01,35298374
2017-11-09,US3453708600,12.01,12.05,11.93,12.04,26257259
2017-11-08,US3453708600,12.14,12.16,12.01,12.06,34127543
2017-11-07,US3453708600,12.35,12.38,12.11,12.16,41536291
2017-11-06,US3453708600,12.36,12.43,12.3,12.33,20178513
2017-11-03,US3453708600,12.41,12.46,12.32,12.36,33220261
2017-11-02,US3453708600,12.33,12.43,12.26,12.42,40923421
2017-11-01,US3453708600,12.4,12.47,12.2752,12.35,43495830
2017-10-31,US3453708600,12.15,12.3,12.129,12.27,42010246
2017-10-30,US3453708600,12.01,12.15,11.95,12.1,36457435
2017-10-27,US3453708600,12.23,12.24,12.0101,12.06,33925366
2017-10-26,US3453708600,12.2,12.34,12.06,12.27,49003126
2017-10-25,US3453708600,12.15,12.15,11.97,12.04,47674841
2017-10-24,US3453708600,12.11,12.26,12.0909,12.19,34651185
2017-10-23,US3453708600,12.11,12.19,12.04,12.04,21504813
2017-10-20,US3453708600,12.12,12.14,12.0,12.1,28171651
2017-10-19,US3453708600,12.14,12.25,12.05,12.23,29678158
2017-10-18,US3453708600,12.28,12.35,12.17,12.19,30783686
2017-10-17,US3453708600,12.13,12.31,12.12,12.27,55273235
2017-10-16,US3453708600,11.99,12.15,11.96,12.12,32349675
2017-10-13,US3453708600,12.06,12.17,11.87,12.05,44597334
2017-10-12,US3453708600,12.3,12.32,12.11,12.12,45924434
2017-10-11,US3453708600,12.38,12.43,12.31,12.38,34953438
2017-10-10,US3453708600,12.34,12.42,12.25,12.39,40586234
2017-10-09,US3453708600,12.33,12.41,12.25,12.34,28924795
2017-10-06,US3453708600,12.2,12.33,12.1925,12.31,35091790
2017-10-05,US3453708600,12.34,12.36,12.15,12.25,48145783
2017-10-04,US3453708600,12.33,12.46,12.28,12.3,52909843
2017-10-03,US3453708600,12.32,12.43,12.22,12.34,65641714
2017-10-02,US3453708600,12.0,12.09,11.97,12.09,36019960
2017-09-29,US3453708600,11.97,12.02,11.92,11.97,31227515
2017-09-28,US3453708600,11.95,11.99,11.9,11.96,23105656
2017-09-27,US3453708600,11.98,12.02,11.86,11.95,28412202
2017-09-26,US3453708600,11.95,12.0,11.9,11.93,30646723
2017-09-25,US3453708600,11.88,12.06,11.84,11.94,40766002
2017-09-22,US3453708600,11.74,11.87,11.72,11.84,30196459
2017-09-21,US3453708600,11.71,11.82,11.69,11.72,40319429
2017-09-20,US3453708600,11.68,11.795,11.635,11.71,26705319
2017-09-19,US3453708600,11.63,11.74,11.62,11.72,26392861
2017-09-18,US3453708600,11.63,11.73,11.595,11.63,25132356
2017-09-15,US3453708600,11.54,11.63,11.49,11.62,30865470
2017-09-14,US3453708600,11.6,11.68,11.48,11.56,31696274
2017-09-13,US3453708600,11.6,11.63,11.52,11.62,23302152
2017-09-12,US3453708600,11.43,11.67,11.39,11.59,41386669
2017-09-11,US3453708600,11.4,11.45,11.38,11.41,43375019
2017-09-08,US3453708600,11.34,11.39,11.29,11.36,26633932
2017-09-07,US3453708600,11.52,11.52,11.33,11.4,30271005
2017-09-06,US3453708600,11.39,11.53,11.389,11.5,43279041
2017-09-05,US3453708600,11.36,11.39,11.24,11.36,44142351
2017-09-01,US3453708600,11.18,11.43,11.14,11.35,64560278
2017-08-31,US3453708600,10.97,11.2,10.95,11.03,54208921
2017-08-30,US3453708600,10.82,10.94,10.77,10.94,23629293
2017-08-29,US3453708600,10.75,10.89,10.73,10.84,29807261
2017-08-28,US3453708600,10.86,10.88,10.73,10.79,22307395
2017-08-25,US3453708600,10.77,10.88,10.76,10.82,35926827
2017-08-24,US3453708600,10.75,10.8,10.69,10.71,33584388
2017-08-23,US3453708600,10.61,10.78,10.59,10.71,35405768
2017-08-22,US3453708600,10.61,10.73,10.61,10.65,28676062
2017-08-21,US3453708600,10.53,10.655,10.52,10.57,30152540
2017-08-18,US3453708600,10.62,10.63,10.47,10.56,43998743
2017-08-17,US3453708600,10.79,10.8,10.6,10.64,35518834
2017-08-16,US3453708600,10.86,10.9,10.78,10.8,28316308
2017-08-15,US3453708600,10.92,11.0,10.835,10.84,29266299
2017-08-14,US3453708600,10.82,10.95,10.79,10.91,26413474
2017-08-11,US3453708600,10.79,10.84,10.76,10.77,32300117
2017-08-10,US3453708600,10.88,10.91,10.77,10.77,31903827
2017-08-09,US3453708600,10.88,10.95,10.83,10.92,32155872
2017-08-08,US3453708600,10.95,11.0,10.88,10.89,26322101
2017-08-07,US3453708600,10.94,10.98,10.9,10.92,35013023
2017-08-04,US3453708600,10.9,10.99,10.78,10.95,29267609
2017-08-03,US3453708600,11.01,11.05,10.92,10.93,20309320
2017-08-02,US3453708600,10.98,11.025,10.93,11.0,30890498
2017-08-01,US3453708600,11.11,11.15,10.87,10.95,65140080
2017-07-31,US3453708600,11.16,11.23,11.125,11.22,39548561
2017-07-28,US3453708600,11.15,11.22,11.06,11.17,24864110
2017-07-27,US3453708600,11.08,11.2,11.03,11.18,38687497
2017-07-26,US3453708600,11.14,11.16,10.95,11.06,72271733
2017-07-25,US3453708600,11.3,11.375,11.22,11.27,52854343
2017-07-24,US3453708600,11.51,11.55,11.27,11.29,48123427
2017-07-21,US3453708600,11.59,11.62,11.46,11.53,27630584
2017-07-20,US3453708600,11.69,11.78,11.66,11.7,30315108
2017-07-19,US3453708600,11.76,11.83,11.74,11.83,26225866
2017-07-18,US3453708600,11.72,11.75,11.67,11.75,24625242
2017-07-17,US3453708600,11.71,11.75,11.65,11.74,24394237
2017-07-14,US3453708600,11.645,11.73,11.6,11.68,39792182
2017-07-13,US3453708600,11.46,11.69,11.45,11.6,33650806
2017-07-12,US3453708600,11.41,11.62,11.4,11.47,33088184
2017-07-11,US3453708600,11.31,11.43,11.3,11.38,25914333
2017-07-10,US3453708600,11.24,11.35,11.23,11.34,18881282
2017-07-07,US3453708600,11.21,11.28,11.16,11.26,20871848
2017-07-06,US3453708600,11.29,11.36,11.17,11.18,31935984
2017-07-05,US3453708600,11.51,11.56,11.26,11.3,39412233
2017-07-03,US3453708600,11.36,11.685,11.25,11.56,43949588
2017-06-30,US3453708600,11.18,11.28,11.16,11.19,41074990
2017-06-29,US3453708600,11.13,11.2,11.07,11.17,32917042
2017-06-28,US3453708600,11.11,11.17,11.07,11.09,31819976
2017-06-27,US3453708600,11.17,11.2,11.06,11.08,28491614
2017-06-26,US3453708600,11.06,11.2,11.055,11.18,31316763
2017-06-23,US3453708600,11.1,11.13,11.0,11.04,45190204
2017-06-22,US3453708600,11.02,11.18,11.0,11.13,26972816
2017-06-21,US3453708600,11.15,11.15,11.0,11.04,37002531
2017-06-20,US3453708600,11.21,11.22,11.09,11.12,31971454
2017-06-19,US3453708600,11.2,11.28,11.18,11.24,30540890
2017-06-16,US3453708600,11.24,11.24,11.07,11.22,54035414
2017-06-15,US3453708600,11.15,11.29,11.14,11.24,28431606
2017-06-14,US3453708600,11.28,11.29,11.06,11.22,44367883
2017-06-13,US3453708600,11.315,11.35,11.15,11.27,29889309
2017-06-12,US3453708600,11.13,11.36,11.13,11.28,38473144
2017-06-09,US3453708600,11.09,11.15,11.01,11.13,30285939
2017-06-08,US3453708600,10.94,11.1,10.91,11.1,40757441
2017-06-07,US3453708600,11.16,11.19,11.02,11.07,37344208
2017-06-06,US3453708600,11.19,11.2,11.05,11.12,44543687
2017-06-05,US3453708600,11.36,11.36,11.225,11.25,42558570
2017-06-02,US3453708600,11.42,11.43,11.24,11.35,45924954
2017-06-01,US3453708600,11.25,11.54,11.1,11.41,76707185
2017-05-31,US3453708600,11.12,11.13,11.0,11.12,36398667
2017-05-30,US3453708600,11.0,11.12,10.99,11.08,36082622
2017-05-26,US3453708600,10.85,10.945,10.81,10.93,28176454
2017-05-25,US3453708600,10.96,10.97,10.76,10.86,46269245
2017-05-24,US3453708600,11.06,11.06,10.87,10.96,46732734
2017-05-23,US3453708600,11.16,11.165,10.97,11.05,40816647
2017-05-22,US3453708600,11.11,11.13,10.98,11.1,73334997
2017-05-19,US3453708600,10.81,10.94,10.79,10.87,32431694
2017-05-18,US3453708600,10.73,10.82,10.7,10.79,37890811
2017-05-17,US3453708600,10.88,10.95,10.67,10.76,54670105
2017-05-16,US3453708600,11.06,11.07,10.9,10.94,42130215
2017-05-15,US3453708600,10.96,11.03,10.92,10.94,27359494
2017-05-12,US3453708600,11.0,11.03,10.9,10.92,34264277
2017-05-11,US3453708600,11.04,11.07,10.97,11.01,29276286
2017-05-10,US3453708600,11.16,11.2,11.03,11.04,34989254
2017-05-09,US3453708600,11.14,11.255,11.1,11.16,44142864
2017-05-08,US3453708600,11.18,11.24,11.09,11.13,35561764
2017-05-05,US3453708600,11.01,11.16,10.98,11.14,28926001
2017-05-04,US3453708600,11.09,11.11,10.96,11.0,34639754
2017-05-03,US3453708600,10.92,11.09,10.91,11.07,57290560
2017-05-02,US3453708600,11.3,11.37,10.9,10.92,99514739
2017-05-01,US3453708600,11.49,11.54,11.4,11.42,32118379
2017-04-28,US3453708600,11.51,11.51,11.4,11.47,41415145
2017-04-27,US3453708600,11.66,11.68,11.34,11.47,50203741
2017-04-26,US3453708600,11.47,11.7,11.45,11.6,51685768
2017-04-25,US3453708600,11.47,11.5,11.43,11.48,35862521
2017-04-24,US3453708600,11.48,11.5,11.36,11.43,41071326
2017-04-21,US3453708600,11.46,11.48,11.32,11.34,26076186
2017-04-20,US3453708600,11.25,11.5,11.24,11.47,49990191
2017-04-19,US3453708600,11.19,11.28,11.17,11.19,37524445
2017-04-18,US3453708600,11.15,11.18,11.08,11.14,35659989
2017-04-17,US3453708600,11.22,11.3,11.14,11.28,44731735
2017-04-13,US3453708600,11.22,11.25,11.11,11.11,32789905
2017-04-12,US3453708600,11.27,11.295,11.2,11.23,56588425
2017-04-11,US3453708600,11.27,11.28,11.17,11.28,36366316
2017-04-10,US3453708600,11.26,11.35,11.24,11.25,25857108
2017-04-07,US3453708600,11.26,11.31,11.21,11.23,28874909
2017-04-06,US3453708600,11.27,11.36,11.22,11.27,36165281
2017-04-05,US3453708600,11.48,11.495,11.25,11.26,43316140
2017-04-04,US3453708600,11.38,11.48,11.28,11.37,40068175
2017-04-03,US3453708600,11.64,11.64,11.28,11.44,65671114
2017-03-31,US3453708600,11.66,11.68,11.6,11.64,26717520
2017-03-30,US3453708600,11.67,11.74,11.61,11.68,28008241
2017-03-29,US3453708600,11.73,11.76,11.64,11.68,35795737
2017-03-28,US3453708600,11.51,11.8,11.48,11.65,57662806
2017-03-27,US3453708600,11.51,11.55,11.41,11.46,57713419
2017-03-24,US3453708600,11.66,11.765,11.55,11.62,43772442
2017-03-23,US3453708600,11.57,11.75,11.5,11.67,71209260
2017-03-22,US3453708600,11.78,11.83,11.62,11.77,71107861
2017-03-21,US3453708600,12.3,12.32,11.7,11.72,101559879
2017-03-20,US3453708600,12.48,12.49,12.25,12.28,45329650
2017-03-17,US3453708600,12.74,12.74,12.45,12.48,54929115
2017-03-16,US3453708600,12.65,12.72,12.59,12.7,28954694
2017-03-15,US3453708600,12.56,12.65,12.52,12.65,34296197
2017-03-14,US3453708600,12.51,12.56,12.45,12.55,26956658
2017-03-13,US3453708600,12.56,12.63,12.5,12.54,22625831
2017-03-10,US3453708600,12.55,12.63,12.47,12.53,34866054
2017-03-09,US3453708600,12.54,12.54,12.4,12.5,29149095
2017-03-08,US3453708600,12.5,12.64,12.46,12.53,27327834
2017-03-07,US3453708600,12.51,12.525,12.42,12.46,25906933
2017-03-06,US3453708600,12.58,12.6,12.5,12.52,28753623
2017-03-03,US3453708600,12.66,12.71,12.53,12.65,30493532
2017-03-02,US3453708600,12.72,12.745,12.58,12.66,33245050
2017-03-01,US3453708600,12.66,12.75,12.65,12.69,36178588
2017-02-28,US3453708600,12.63,12.659,12.45,12.53,36089848
2017-02-27,US3453708600,12.49,12.68,12.43,12.66,41713096
2017-02-24,US3453708600,12.51,12.51,12.38,12.47,40817305
2017-02-23,US3453708600,12.7,12.715,12.55,12.56,22520597
2017-02-22,US3453708600,12.66,12.765,12.65,12.67,24787512
2017-02-21,US3453708600,12.61,12.72,12.61,12.69,29156181
2017-02-17,US3453708600,12.5,12.58,12.42,12.58,26407405
2017-02-16,US3453708600,12.61,12.64,12.48,12.54,22896525
2017-02-15,US3453708600,12.62,12.64,12.55,12.63,25114438
2017-02-14,US3453708600,12.64,12.7,12.59,12.65,28355725
2017-02-13,US3453708600,12.54,12.62,12.48,12.56,24473996
2017-02-10,US3453708600,12.44,12.51,12.37,12.51,32996465
2017-02-09,US3453708600,12.4,12.47,12.35,12.38,32924624
2017-02-08,US3453708600,12.34,12.45,12.27,12.38,26411417
2017-02-07,US3453708600,12.5,12.52,12.31,12.34,32914413
2017-02-06,US3453708600,12.55,12.615,12.46,12.52,26916768
2017-02-03,US3453708600,12.42,12.62,12.39,12.56,38245251
2017-02-02,US3453708600,12.3,12.37,12.23,12.28,29035383
2017-02-01,US3453708600,12.45,12.58,12.22,12.32,44396812
2017-01-31,US3453708600,12.31,12.39,12.19,12.36,46974479
2017-01-30,US3453708600,12.46,12.46,12.28,12.37,39254173
2017-01-27,US3453708600,12.48,12.54,12.38,12.49,34613868
2017-01-26,US3453708600,12.65,12.68,12.35,12.37,55672778
2017-01-25,US3453708600,12.71,12.8,12.64,12.79,46747840
2017-01-24,US3453708600,12.35,12.61,12.335,12.61,34625204
2017-01-23,US3453708600,12.35,12.38,12.22,12.31,31670705
2017-01-20,US3453708600,12.45,12.48,12.31,12.36,29269964
2017-01-19,US3453708600,12.4,12.56,12.34,12.43,30135566
2017-01-18,US3453708600,12.43,12.45,12.3,12.41,33830795
2017-01-17,US3453708600,12.65,12.73,12.54,12.61,49069459
2017-01-13,US3453708600,12.62,12.67,12.5,12.63,29197105
2017-01-12,US3453708600,12.66,12.68,12.35,12.59,36493266
2017-01-11,US3453708600,12.71,12.72,12.51,12.67,49718725
2017-01-10,US3453708600,12.7,13.02,12.66,12.85,58703537
2017-01-09,US3453708600,12.79,12.86,12.63,12.63,39438393
2017-01-06,US3453708600,12.8,12.84,12.64,12.76,40315887
2017-01-05,US3453708600,13.21,13.22,12.63,12.77,75628443
2017-01-04,US3453708600,12.77,13.27,12.74,13.17,77638075
2017-01-03,US3453708600,12.2,12.6,12.13,12.59,40510821
2016-12-30,US3453708600,12.24,12.28,12.08,12.13,27405736
2016-12-29,US3453708600,12.25,12.31,12.22,12.23,19819081
2016-12-28,US3453708600,12.37,12.45,12.22,12.25,26875381
2016-12-27,US3453708600,12.43,12.51,12.36,12.39,19467440
2016-12-23,US3453708600,12.43,12.46,12.36,12.46,15621178
2016-12-22,US3453708600,12.63,12.64,12.4,12.4,27821071
2016-12-21,US3453708600,12.73,12.77,12.64,12.64,18117060
2016-12-20,US3453708600,12.7,12.82,12.68,12.78,17834041
2016-12-19,US3453708600,12.59,12.795,12.59,12.66,22830013
2016-12-16,US3453708600,12.66,12.7,12.5615,12.63,28354939
2016-12-15,US3453708600,12.54,12.72,12.52,12.58,23774842
2016-12-14,US3453708600,12.65,12.7905,12.5,12.53,42820123
2016-12-13,US3453708600,12.84,12.88,12.75,12.77,39570500
2016-12-12,US3453708600,13.08,13.1,12.81,12.82,39596765
2016-12-09,US3453708600,13.0,13.2,12.91,13.17,45256112
2016-12-08,US3453708600,13.07,13.15,12.97,13.03,41459537
2016-12-07,US3453708600,12.59,13.15,12.54,13.06,58600423
2016-12-06,US3453708600,12.4,12.59,12.37,12.56,23923916
2016-12-05,US3453708600,12.31,12.5,12.29,12.44,36219973
2016-12-02,US3453708600,12.58,12.58,12.15,12.24,38689842
2016-12-01,US3453708600,12.23,12.8,12.18,12.43,95143559
2016-11-30,US3453708600,11.97,12.14,11.92,11.96,47646220
2016-11-29,US3453708600,11.93,12.0,11.87,11.92,23690847
2016-11-28,US3453708600,12.02,12.05,11.89,11.92,24407192
2016-11-25,US3453708600,11.95,12.06,11.93,12.04,11439553
2016-11-23,US3453708600,11.9,12.0,11.85,11.9,22418351
2016-11-22,US3453708600,11.76,11.91,11.73,11.89,24274734
2016-11-21,US3453708600,11.77,11.9,11.77,11.79,19508608
2016-11-18,US3453708600,11.87,11.9,11.73,11.76,30662036
2016-11-17,US3453708600,11.9,11.96,11.78,11.87,38502535
2016-11-16,US3453708600,12.0,12.05,11.92,12.0,25195460
2016-11-15,US3453708600,12.06,12.1393,11.95,12.04,31498503
2016-11-14,US3453708600,12.27,12.5,12.02,12.06,56109928
2016-11-11,US3453708600,11.88,12.4,11.84,12.28,79259270
2016-11-10,US3453708600,11.58,11.98,11.58,11.94,52756533
2016-11-09,US3453708600,11.15,11.63,11.07,11.58,60625748
2016-11-08,US3453708600,11.5,11.51,11.35,11.48,28497894
2016-11-07,US3453708600,11.52,11.62,11.39,11.58,25120693
2016-11-04,US3453708600,11.31,11.5,11.3,11.34,24752417
2016-11-03,US3453708600,11.39,11.46,11.27,11.35,38651451
2016-11-02,US3453708600,11.51,11.56,11.36,11.4,36229377
2016-11-01,US3453708600,11.78,11.84,11.5,11.61,35613573
2016-10-31,US3453708600,11.75,11.81,11.69,11.74,31898380
2016-10-28,US3453708600,11.74,11.85,11.625,11.72,37142375
2016-10-27,US3453708600,11.81,11.83,11.6,11.74,48402031
2016-10-26,US3453708600,11.8,11.93,11.76,11.88,36219863
